text,1-RAPPORT,2-NEGOTIATE,3-EMOTION,4-LOGIC,5-AUTHORITY,6-SOCIAL,7-PRESSURE,8-NO-PERSUASION
 hey!!,1,0,0,0,0,0,0,0
 a little better what are u doing?,0,0,0,0,0,0,0,1
 yea i thought u did i just woke and checked to see if u came on and ur here!! :-*,0,0,0,0,0,0,0,1
 so what did u do today?,0,0,0,0,0,0,0,1
 sounds like fun lol,0,0,0,0,0,0,0,1
 washed some cloths and started feeling bad nd layed down and fell alseep for 6 hours lol,0,0,0,0,0,0,0,1
 yea just a little,0,0,0,0,0,0,0,1
 yes sweetie i think about u everyday !!,0,0,0,0,0,0,0,1
 is ur mom alseep?,0,0,1,0,0,0,0,0
 oh ic,0,0,0,0,0,0,0,1
 yea a little lol,0,0,0,0,0,0,0,1
 cory...? i wanna see u do u think that is bad?,1,0,0,0,0,0,0,0
 because i do not for sex or anything like that i just wanna see u i feel if i dont then i might lose u or something i know that sounds stupid,0,0,0,0,0,0,0,1
 ok,0,0,0,0,0,0,0,1
 i do really bad! do u?,0,0,0,0,0,0,0,1
 u sure?,0,0,0,0,0,0,0,1
 lol i have never been sure about anything else before in my life!,0,1,0,0,0,0,0,0
 i didnt scare u last night with the things i said did i ? its just when i drink i get really friendly if u know what i mean lol,1,0,1,1,0,0,0,0
 yea i do but i dont want i to do anything u dont wanna do,0,0,0,0,0,0,0,1
 u*,0,0,0,0,0,0,0,1
 how do u feel about it?,0,1,1,0,0,0,0,0
 lol why is everything up to me? i want u to wanna do what ever u want to !,0,0,0,0,0,0,0,1
 well all i know is that im falling for u really fast!,1,0,1,0,0,0,0,0
 yea i am falling really really fast!,0,0,1,0,0,0,0,0
 why u say wow?,0,0,0,0,0,0,0,1
 well im kinda glad no one has so i can be the first to tell u this things because i mean everything i say to u!!!,0,1,0,0,0,0,0,0
 so are u i love everything about u and i dont want u to ever forget that!,1,0,1,0,0,0,0,0
 >:D< :-*,0,0,0,0,0,0,0,1
 well i dont want u to go but i think u need to goto bed ???,0,0,1,0,0,0,0,0
 what?,0,0,0,0,0,0,0,1
 oh ok :),1,0,0,0,0,0,0,0
 what are u looking for?,1,0,0,0,0,0,0,0
 i like both of those songs!!!!,1,0,0,0,0,0,0,0
 think about me tommroww?,1,0,0,0,0,0,0,0
 ok!,0,0,0,0,0,0,0,1
 good night sweetie!!,1,0,1,0,0,0,0,0
 hi,0,0,0,0,0,0,0,1
 i guess your not on,0,0,0,0,0,0,0,1
 be back at 10,0,0,0,0,0,0,0,1
 you there,0,0,0,0,0,0,0,1
 hello,0,0,0,0,0,0,0,1
 hey,0,0,0,0,0,0,0,1
 where r u from in nj??,0,0,0,0,0,0,0,1
 same here,0,0,0,0,0,0,0,1
 cnj monmouth co,1,0,0,0,0,0,0,0
 so what brings u into this room,0,0,0,0,0,0,0,1
 dont u have work to do,0,0,0,0,0,0,0,1
 im old 49 here old enough to be your daddy,0,0,0,0,0,0,0,1
 ok,0,0,0,0,0,0,0,1
 lol,0,0,0,0,0,0,0,1
 not much,0,0,0,0,0,0,0,1
 why is that,1,0,0,0,0,0,0,0
 that is true,0,0,0,0,0,0,0,1
 yes how can i help u,1,0,0,0,0,0,0,0
 u have any pic,1,0,0,0,0,0,0,0
 any others,0,1,0,0,0,0,0,0
 give me a call,0,1,0,0,0,0,0,0
 8482180381,0,0,0,0,0,0,0,1
 ok,1,0,0,0,0,0,0,0
 kevin,0,0,0,0,0,0,0,1
 r u there,0,0,0,0,0,0,0,1
 u have a good day,1,0,0,0,0,0,0,0
 ok,0,0,0,0,0,0,0,1
 None,0,0,0,0,0,0,0,1
 lol,0,0,0,0,0,0,0,1
 lol,0,0,0,0,0,0,0,1
 so what town do u live in,0,0,0,0,0,0,0,1
 u not gona tell me,1,0,0,0,0,0,0,0
 just courios,1,1,0,0,0,0,0,0
 the daughter i never had,1,0,0,0,0,0,0,0
 now,0,0,0,0,0,0,0,1
 middletown,0,0,0,0,0,0,0,1
 and u,1,0,1,0,0,0,0,0
 nothing to say,0,0,0,0,0,0,0,1
 i added u ok,0,0,0,0,0,0,0,1
 cool,0,0,0,0,0,0,0,1
 what r u doing in a 1/2 hr,1,0,0,0,0,0,0,0
 soda buger,0,0,0,0,0,0,0,1
 care to meet,0,0,0,0,0,0,0,1
 yes i think so,0,1,0,0,0,0,0,0
 u tell me i have no idea where u r but a 1/2 hr away,0,0,0,0,0,0,0,1
 call me back,0,0,0,0,0,0,0,1
 ok,0,0,0,0,0,0,0,1
 sure,0,0,0,0,0,0,0,1
 np,0,0,0,0,0,0,0,1
 so do u know what town,1,0,0,0,0,0,0,0
 u gona tell me,0,0,0,0,0,0,0,1
 lol,0,0,0,0,0,0,0,1
 nothing nothing at all talk came into my mind,0,1,0,0,0,0,0,0
 u have something else on your mind,0,0,0,0,0,0,0,1
 call,1,0,0,0,0,0,0,0
 so what do u think,0,0,0,0,0,0,0,1
 u wont be bored>:),0,0,0,0,0,0,0,1
 trust me,0,0,0,0,0,0,0,1
 ya buy u a soda 4 starts,1,0,0,0,0,0,0,0
 call me,0,0,0,0,0,0,0,1
 and ill tell u,0,0,0,0,0,0,0,1
 and where is it u live,0,0,0,0,0,0,0,1
 do u want me to call u,0,1,0,0,0,0,0,0
 ok,0,1,0,0,0,0,1,0
 ok,0,0,0,0,0,0,0,1
 np,0,0,0,0,0,0,0,1
 so where is it that u live,0,0,0,0,0,0,0,1
 if u like,0,0,0,0,0,0,0,1
 what happen,0,0,0,0,0,0,0,1
 yes,0,0,0,0,0,0,0,1
 yes,0,0,0,0,0,0,0,1
 u decline,0,0,0,0,0,0,0,1
 yes,0,0,0,0,0,0,0,1
 by 7,0,0,0,0,0,0,0,1
 have to pick up by wife,0,0,0,0,0,0,0,1
 we can meet 4 the sake of meeting,0,0,0,0,0,0,0,1
 and who knows,1,0,0,0,0,0,0,0
 we can do it again if it clicks,0,0,0,0,0,0,0,1
 call me,0,0,0,0,0,0,0,1
 call me,1,0,0,0,0,0,0,0
 meet again,0,0,0,0,0,0,0,1
 4 a longer time,0,0,0,0,0,0,0,1
 and 4 who knows,1,0,0,0,0,0,0,0
 mmmmmmmmmmm>:),0,0,0,0,0,0,1,0
 skirt,0,0,0,0,0,0,0,1
 no no,0,0,0,0,0,0,0,1
 play with u,0,0,0,0,0,0,0,1
 hold u kiss u,0,0,0,0,0,0,0,1
 feel u,0,0,0,0,0,0,0,1
 all over,0,0,0,0,0,0,0,1
 call me,0,0,0,0,0,0,0,1
 lets meet,1,0,0,0,0,0,0,0
 times a wasting,0,0,0,0,0,0,0,1
 well,0,0,0,0,0,0,0,1
 meet me,0,0,0,0,0,0,0,1
 :-?,0,0,1,0,0,0,0,0
 u there,0,0,0,0,0,0,0,1
 ok,0,0,1,0,0,0,0,0
 what happen,0,0,0,0,0,0,0,1
 ok,0,0,0,0,0,0,1,0
 i need and address,1,0,0,0,0,0,0,0
 so i can map quest it,0,0,0,0,0,0,0,1
 ok fair enough,0,0,0,0,0,0,0,1
 theen give me your address,0,0,0,0,0,0,0,1
 u bet,0,0,0,0,0,0,0,1
 have u ever had a guy go down on u,0,0,0,0,0,0,0,1
 eat your pussy,0,0,0,0,0,0,0,1
 would u like that,0,1,0,0,0,0,0,0
 have u ever given head,0,0,0,0,0,0,0,1
 cool,0,0,0,0,0,0,0,1
 so r u game,1,0,1,0,0,0,0,0
 your address,0,0,0,0,0,0,0,1
 r u off from school now,0,0,0,0,0,0,0,1
 do i like what,1,1,0,0,0,0,0,0
 yesssssssssssssss,0,0,0,0,0,0,0,1
 yessssssssssssssssss,0,1,0,0,0,0,1,0
 and what was that,0,1,0,0,0,0,0,0
 yes yes yes,0,0,0,0,0,0,0,1
 make u cum,0,0,0,0,0,0,0,1
 a number of times,1,0,0,0,0,0,0,0
 waiting 4 u,0,0,0,0,0,0,0,1
 zip code,1,0,0,0,0,0,0,0
 r u off tomorrow,0,0,0,0,0,0,0,1
 we can make a day of it,0,0,0,0,0,0,0,1
 listern i can only stay a 1/2 hr,0,0,0,0,0,0,0,1
 how do i get it touch,1,0,0,0,0,0,0,0
 when i leave wher do i meet u,0,0,0,0,0,0,0,1
 want to make it tomorrow,1,0,0,0,0,0,0,0
 love your style,0,0,0,0,0,0,0,1
 it will take a good 1/2 hr and then i have to turn around,0,0,1,0,0,0,0,0
 lets make it 4 tomorrow,1,0,0,0,0,0,0,0
 i stll have to look it up,0,0,0,0,0,0,0,1
 no,0,0,0,0,0,0,0,1
 ok going,0,0,0,0,0,0,0,1
 where am i meet u at the beach,0,1,0,0,0,0,0,0
 blue blazer,0,0,0,0,0,0,0,1
 ok leaving look 4 me,0,0,0,0,0,0,0,1
 hi liz,0,0,0,0,0,0,0,1
 nothing much...how have u been doin,0,0,0,0,0,0,0,1
 anything good,0,0,0,0,0,0,0,1
 it's ok,0,0,0,0,0,0,0,1
 what's wrong,0,0,0,0,0,0,0,1
 finish ur homework,0,0,0,0,0,0,0,1
 good,1,0,1,0,0,0,0,0
 mom workin,0,0,0,0,0,0,0,1
 what day she works,1,0,0,0,0,0,0,0
 oh ok,0,0,0,0,0,0,0,1
 does she knows computer,0,0,0,0,0,0,0,1
 she might check on ya;),0,0,0,0,0,0,0,1
 hehehe,1,0,1,0,0,0,0,0
 ur room,0,0,0,0,0,0,0,1
 nice bedroom u got,0,1,0,0,0,0,0,0
 may I sleep there..few hrs:d,1,0,0,0,0,0,0,0
 hihi,0,0,0,0,0,0,0,1
 j/k,1,1,0,0,0,0,0,0
 so..study hard,0,0,0,0,0,0,0,1
 I might help ya,1,0,0,0,0,0,0,0
 math i m ok,0,0,0,0,0,0,0,1
 math I guess,1,0,0,0,0,0,0,0
 maybe have ur BF help ya out,1,0,0,0,0,0,0,0
 ;),0,0,0,0,0,0,0,1
 oh ok...,1,0,0,0,0,0,0,0
 the EX one huh,0,0,1,0,0,0,0,0
 the one finger ya,0,0,0,0,0,0,0,1
 how long was that,1,0,0,0,0,0,0,0
 Hello,0,0,0,0,0,0,0,1
 Whatcha doin?,0,0,0,0,0,0,0,1
 Oh yeah hows brad and darla??? Lol,0,0,0,0,0,0,0,1
 Thxs ;;),0,0,0,0,0,0,0,1
 Oh i c lol,0,0,0,0,0,0,0,1
 Idk,1,0,0,0,0,0,0,0
 Yeah school is kinda boring.,0,0,0,0,0,0,0,1
 They just do when u get older time slows down lol,0,0,0,0,0,0,0,1
 Yeah,0,0,0,0,0,0,0,1
 Well i going to eat i chat with u later.,0,0,0,0,0,0,0,1
 >:D<,1,0,0,0,0,0,0,0
 hi girl....sorry i missed u....just checking to see if u were here,1,0,1,0,0,0,0,0
 have a good day baby,0,0,0,0,0,0,0,1
 hi,0,0,0,0,0,0,0,1
 are u there,0,0,0,0,0,0,0,1
 hi,0,0,0,0,0,0,0,1
 wish u were here,0,0,0,0,0,0,0,1
 are u there,0,0,0,0,0,0,0,1
 None,1,0,0,0,0,0,0,0
 jackenit_6in,0,0,0,0,0,0,0,1
 hi,0,0,0,0,0,0,0,1
 are u there,1,0,0,0,0,0,0,0
" hey there,i'm glad u came on..did u get my off line message?",1,0,0,0,0,0,0,0
" i did map quest and got directions,but now i cant find them.i just need the addy again so i can map quest again is all",0,1,0,0,0,0,0,0
" i did'nt put it in my wallet hon,i did'nt think",0,0,0,0,0,0,0,1
 yes i do,0,0,0,0,0,0,0,1
 so how are you today,1,0,0,0,0,0,0,0
 u gonna nap befor i get there,0,0,0,0,0,0,0,1
 lol,0,0,0,0,0,0,0,1
" i'll be leaving here around 1230,i have my clothes drying..but i am commin sweety",0,0,0,0,0,0,0,1
 i hav'nt redone it yet but your down toward columbus right?,0,0,0,0,0,0,0,1
 ok well it takes an hour to maby an hour and 15 minutes to get to columbus.,0,0,0,0,0,0,0,1
 so if i leave at 1230 i should be there around 145 or 2 give or take..and allow for traffic which should'nt be bad at all,0,0,0,0,0,0,0,1
" yep,i had planned to leave sooner but got a late start on things this morning and am just a little behind",0,0,0,0,0,0,0,1
 but i would miss being with you at all,1,0,0,0,0,0,0,0
 lol,0,0,0,0,0,0,0,1
 and i'll try not to at anytime,0,0,0,0,0,0,0,1
 so will you just come out and get in the truck when i get there or do you wanna meet up the road a little?,1,0,0,0,0,0,0,0
 ok,0,0,0,0,0,0,0,1
 ok i'll do that,0,0,0,0,0,0,0,1
 i'm sure it'll fit fine,1,0,0,0,0,0,0,0
 lol u got what i was sayin..i knew u were smart lol,1,0,0,0,0,0,0,0
 i knew that already lol,1,0,0,0,0,0,0,0
" yeah it will be good,every part of it lol....i do like ur quick witts and thought process....",1,0,0,0,0,0,0,0
 ur welcome,0,0,0,0,0,0,0,1
" i hope ur not nervous and or disapointed with me,i dont think u will be i have told you the truth about me...but i am kinda nervous ,only because i want this to be as good as it can be and you be glad we went for it",1,0,1,0,0,0,1,0
" cool,well i wont worrie at all then",0,0,0,0,0,0,0,1
 we'll have a ball and a pleasurable time togather,1,0,0,0,0,0,0,0
 lol i wont,0,0,0,0,0,0,0,1
" brb,gonna check on my clothes",0,0,0,0,0,0,0,1
 well there gettin there,0,0,0,0,0,0,0,1
 should'nt be long,1,0,0,0,0,0,0,0
 did'nt u say ur mom's goin off to her friend's today?or is it tomorrow?,1,0,0,0,0,0,0,0
 here's the directions from mapquest..i-85 south/ga411.exit 21 toward columbus.then take exit 19 onto hwy 315 it becomes fortson..estimated time say's 1 hr 22 min,0,0,0,0,0,0,0,1
 does hwy 315 sound right,0,0,0,0,0,0,0,1
 cool,0,0,0,0,0,0,0,1
 ok and 315 turns into fortson right to you,0,0,0,0,0,0,0,1
 u have my cell number so u can call if u like to make sure i dont go wrong lol,0,0,0,0,0,0,0,1
 cement bunny huh,0,0,0,0,0,0,0,1
 cant miss that,0,0,1,0,0,0,0,0
 thats cool,0,0,0,0,0,0,0,1
 yep,0,0,0,0,0,0,0,1
 are you fully awake now hhahaha,0,0,0,0,0,0,0,1
 good then,0,0,0,0,0,0,0,1
" let me go check on clothes and get a couple things out of the way so i can get on down to you...i can'nt wait to get there and be with you,just because after our talk's i think actualy being with each other will be so much fun...",1,0,0,0,0,0,0,0
 i'll be back in a few minutes to let u know i'm leaving,1,0,1,0,0,0,0,0
 not have'nt read it yet,0,0,0,0,0,0,0,1
 its ok,0,0,0,0,0,0,0,1
 i will in the middle of somethng important will chat when done ok,0,0,0,0,0,0,0,1
 talking to my unit,0,0,0,0,0,0,0,1
 what,0,0,0,0,0,0,0,1
 no military,0,0,0,0,0,0,0,1
 no,0,0,0,0,0,0,0,1
 k,0,0,0,0,0,0,0,1
 i know your tired so em i,0,0,0,0,0,0,0,1
 no they dont,0,0,0,0,0,0,0,1
 no border patrol,1,0,0,0,0,0,0,0
 wait.like home land security,1,0,0,0,0,0,0,0
 yep,0,0,0,0,0,0,0,1
 me to,0,0,0,0,0,0,0,1
 ok will be on,0,0,0,0,0,0,0,1
 i want to we will talk ok,1,0,0,0,0,0,0,0
 no i did'nt say that i'am in the middle of test,0,0,0,0,0,0,0,1
 its ok let me finish,0,0,1,0,0,0,0,0
 ok,0,0,0,0,0,0,0,1
 hello beautiful!,0,0,0,0,0,0,0,1
 :-*,0,0,0,0,0,0,0,1
 short week )))),0,0,0,0,0,0,0,1
 jst got home from work !!!!>:P,0,0,0,0,0,0,0,1
" yes I know (( late day for me,, I dont normally get home like this ((",0,0,0,0,0,0,0,1
" ok,, sweetness ,, going to watch the basketball game w/ some friends of mine!!",0,0,1,0,0,0,0,0
" yes,, I missed you,, havent had much chance to chat (",0,0,0,0,0,0,0,1
" keep a day on the weekend open for me,, and I'll come see you!",0,0,1,0,0,0,0,0
 after thanksgiving,0,1,0,0,0,0,0,0
 :-*,0,0,0,0,0,0,0,1
 we'll see if your as hot in pic as real life !,1,0,1,0,0,0,0,0
 ;),0,0,1,0,0,0,0,0
 think you could get out?,0,0,0,0,0,0,0,1
" we'll see,,,would be cool tho",0,1,0,0,0,0,0,0
 :-*,0,0,0,0,0,0,0,1
" ok, sweetness,, gotta go~!~ ttyl !~~",0,0,0,0,0,0,0,1
 >:D<:-*>:D<.,0,0,0,0,0,0,0,1
 dont miss me to much either ),0,0,1,0,0,0,0,0
 hehe,0,0,0,0,0,0,0,1
 bye sweetness!,0,0,1,0,0,0,0,0
 hey cutie,1,0,0,0,0,0,0,0
 remember me?,0,0,0,0,0,0,0,1
 None,1,0,0,0,0,0,0,0
 good,0,0,0,0,0,0,0,1
 so when are we going to hang out and watch those movies.,0,0,0,0,0,0,0,1
 cool. do you think we can hang out tomorrow?,0,0,0,0,0,0,0,1
 oh ok. so next weekend for sure?,0,0,0,0,0,0,0,1
 don't say sorry.,0,1,0,0,0,0,0,0
 I understand,0,0,0,0,0,0,0,1
 awesome. what is so specific for next week?,0,0,0,0,0,0,0,1
 hold on,1,0,0,0,0,0,0,0
 be back,0,0,0,0,0,0,0,1
 back,0,0,0,0,0,0,0,1
 so what makes next week the week that you can hang out?,0,0,0,0,0,0,0,1
 u there?,0,0,0,0,0,0,0,1
 hey lol i ordered the pizza,0,0,0,0,0,0,0,1
 well it might be a while befor i get there but im pickin it up soon then headin down,0,0,0,0,0,0,0,1
" cool,cant wait to see ya",0,0,0,0,0,0,0,1
 yay! thats so cool,0,0,0,0,0,0,0,1
 thanx,1,0,0,0,0,0,0,0
 yeah i got home after 12 last nite,0,0,0,0,0,0,0,1
 yah i did,0,0,0,0,0,0,0,1
 but not as much fun as im gonna have today n tonite lol,0,0,0,0,0,0,0,1
 got the large supreme with pineapple for ya,1,0,1,0,0,0,0,0
" cool lol i know its ur favrite,they didnt have garlic butter tho",0,0,0,0,0,0,0,1
" ok good,im all set,ill leave in a few to pick up the pizza then jump on the parkway n head down",0,0,0,0,0,0,0,1
 i will colie dont worry,0,0,0,0,0,0,0,1
 it should take like hour n 1/2 so im givin myself lotsa time but i got good directions,1,0,0,0,0,0,0,0
 i know me too !,0,0,0,0,0,0,0,1
 anything else u want me to bring,0,0,1,0,0,0,0,0
 ok what flavor,1,0,0,0,0,0,0,0
" yeah they do,i dont know if they have big bottles or just small ones",0,0,0,0,0,0,0,1
 how many you want,0,0,0,0,0,0,0,1
 ok lol u got it,0,0,0,0,0,0,0,1
 anything else,0,0,0,0,0,0,0,1
 ok u know u got that,1,0,0,0,0,0,0,0
 n i got condoms too,0,0,0,0,0,0,0,1
 lol i know dont worry probly kill me too,0,0,0,0,0,0,0,1
 ok well im gonna go pick up the snapple n pizza and head down,1,0,1,0,0,0,0,0
 ok cya soon too,1,0,0,0,0,0,0,0
 oh in case i gotta call u whats ur #,0,0,0,0,0,0,0,1
 ok,0,0,0,0,0,0,0,1
" ok i gotcha if i dont pick up just leave msg,ill see the # on id",0,0,0,0,0,0,0,1
 ok cya soon hon,0,0,0,0,0,0,0,1
 im back,0,0,0,0,0,0,0,1
 lol,0,0,0,0,0,0,0,1
 lol ok,0,0,0,0,0,0,0,1
 so whats up,0,0,0,0,0,0,0,1
 crashed,0,0,0,0,0,0,0,1
 comp died,0,0,0,0,0,0,0,1
 yeah it happens,0,0,0,0,0,0,0,1
 hows my lil sweetie today??,0,0,0,0,0,0,0,1
 tired,0,0,0,0,0,0,0,1
 babysat today,0,0,0,0,0,0,0,1
 my siters,0,0,0,0,0,0,0,1
 Sisters*,0,0,0,0,0,0,0,1
 4 plus my 2,0,0,0,0,0,0,0,1
 yeah,1,0,0,0,0,0,0,0
 3,0,0,0,0,0,0,0,1
 miss me today,0,0,0,0,0,0,0,1
 yeally?,0,0,0,0,0,0,0,1
 no no it doesnt,0,0,0,0,0,0,0,1
 lol,0,0,0,0,0,0,0,1
 lol,0,0,0,0,0,0,0,1
 you are too cool,0,0,0,0,0,0,0,1
 your funny,0,0,0,0,0,0,0,1
 lol,0,0,0,0,0,0,0,1
 like 3,0,0,0,0,0,0,0,1
 a couple friends and you,0,0,0,0,0,0,0,1
 no,0,0,0,0,0,0,0,1
 you dont need to,1,0,0,0,0,0,0,0
 i like talking to you,1,0,0,0,0,0,0,0
 i also use this chat thing called imvu,1,0,0,0,0,0,0,0
 its all 3d and stuff,0,0,0,0,0,0,0,1
 did you think of me last night?,1,0,0,0,0,0,0,0
 lol took you long enough,0,0,0,0,0,0,0,1
 lol,0,0,0,0,0,0,0,1
 ok i will forgive you this time,1,0,0,0,0,0,0,0
 lol,0,0,0,0,0,0,0,1
 goodthat wouldn't be too attractive,0,0,0,0,0,0,0,1
 so you eally want to met me?,0,0,0,0,0,0,0,1
 ok,0,0,1,0,0,0,0,0
 gonna dress sexy for me?,0,0,0,0,0,0,0,1
 the sexiest thing you have,0,0,0,0,0,0,0,1
 umm how about something red?,1,0,1,0,0,0,0,0
 lol yep,0,0,0,0,0,0,0,1
 dress?,0,0,0,0,0,0,0,1
 ok,1,0,0,0,0,0,0,0
 red thong?,0,0,0,0,0,0,0,1
 lol,0,0,0,0,0,0,0,1
 well ell me what you think the sexest thin you have is,1,0,0,0,0,0,0,0
 hey,0,0,0,0,0,0,0,1
 hows it going,0,0,0,0,0,0,0,1
 ya same here...............alot of snow,0,0,0,0,0,0,0,1
 i have my ticket and will leave here fri at 11am be there at 2pm,0,0,0,0,0,0,0,1
 no i dont think so,0,0,0,0,0,0,0,1
 why u want to go swimming,0,0,0,0,0,0,0,1
 well i see if there is a gym there or something ok,0,0,0,0,0,0,0,1
 just let me worry about how to get places,0,0,0,0,0,0,0,1
 but i'am almost packed,0,1,1,0,0,0,0,0
 nope,0,0,0,0,0,0,0,1
 :-(,0,0,0,0,0,0,0,1
 ooooooooooo nice,0,0,0,0,0,0,0,1
 why,1,0,0,0,0,0,0,0
 u go boy,0,0,0,0,0,0,0,1
 i know.........just being funny,1,0,0,0,0,0,0,0
 u got mail,0,0,0,0,0,0,0,1
 thought u might like it,1,0,0,0,0,0,0,0
" wait til u see me in person,,,,,,,,,,thats for real",1,0,0,0,0,0,0,0
 u will see me in about 30 some hrs,1,0,0,0,0,0,0,0
 what do u mean,0,0,0,0,0,0,0,1
 tell me,0,0,0,0,0,0,0,1
 well be ok.........well take it slow and easy get to know each other better,0,0,0,0,0,0,0,1
 now u will tell me if your scared wont u,1,0,1,0,0,0,0,0
 luke.........u there,0,0,0,0,0,0,0,1
 u busy :-*,0,0,1,0,0,0,0,0
 ok let me know when u are back,1,0,0,0,0,0,0,0
 oooooooooooo i see,1,0,0,0,0,0,0,0
 did u see what i wrote,0,0,0,0,0,0,0,1
 u will let me know if u do,1,0,0,0,0,0,0,0
 ok kool........what r u going to tell your grandma,1,0,0,0,0,0,0,0
 what about staying the nite,1,0,0,0,0,0,0,0
 ok theres a couple days,0,1,0,0,0,0,0,0
 dam :-(,0,0,0,0,0,0,0,1
 from the motel,0,0,0,0,0,0,0,1
 lol lol,0,0,0,0,0,0,0,1
 well talk when i get there,0,0,0,0,0,0,0,1
 kool,0,0,0,0,0,0,0,1
 well have fun no matter what,1,0,1,0,0,0,0,0
 ok i'll wont be on tomorrow so i will see u friday,1,0,1,0,0,0,0,0
 lov ya O:-),0,0,0,0,0,0,0,1
 kk,0,0,0,0,0,0,0,1
 Maddie,0,0,0,0,0,0,0,1
 Hon I cant do. I could go to jail for 20 years. I gave bever dione antthing wring in my life.,0,0,1,1,0,0,0,0
 How??,0,0,0,0,0,0,0,1
 Maddie .... you could be a cop.....I literally have never done anything wrong.... you are the only young adult I talk to ..... all the rest are 22 and up...,0,0,0,1,0,0,0,0
 what is your street number,0,0,0,0,0,0,0,1
 when is your mom going,0,0,0,0,0,0,0,1
 I need to take a shower.,0,0,0,0,0,0,0,1
 when were those pictures of you taken?,0,0,0,0,0,0,0,1
 how old are they?,0,1,0,0,0,0,0,0
 I really dont want to go to jail or mess up your future,0,0,0,0,0,0,0,1
 No ... I am not....,0,0,0,0,0,0,0,1
 I only have gotten a speeding ticket.,0,0,1,0,0,0,0,0
 what about your future?,0,0,0,0,0,0,0,1
 I looked up a Naomi Burns and you guys arent listed,0,0,0,0,0,0,0,1
 really want me there?,0,0,0,0,0,0,0,1
 will you call me and leave me a message saying your not a cop in any way,1,1,0,0,0,0,0,0
 let me take a shower ... here the message and see,0,0,0,0,0,0,0,1
" I am going to jump in the shower, leave me a message .... and then I will see about coming down.",1,0,0,0,0,0,0,0
 Ok... state your full name....,0,0,0,0,0,0,0,1
 Maddie I am serious .... I dont talk to anyone like you at all....,0,1,0,0,0,0,0,0
 No one even close....,0,0,0,1,0,0,0,0
 well let me get in the shower....,0,0,1,0,0,0,0,0
 okay,1,0,0,0,0,0,0,0
 call me,0,0,0,0,0,0,0,1
 Yes,0,0,0,0,0,0,0,1
 hello?,0,0,0,0,0,0,0,1
 Hey gf am going to miss u,0,0,0,0,0,0,0,1
 What time u going to be on?,0,0,0,0,0,0,0,1
 Ok loves u,0,0,0,0,0,0,0,1
 Take lots of pics,0,0,1,0,0,0,0,0
 See u can take some silly,0,0,0,0,0,0,0,1
 :-*,1,0,0,0,0,0,0,0
 Cause ur going be my wife someday :-x,0,0,0,0,0,0,0,1
 yes,0,0,0,0,0,0,0,1
 it is abolutely freezing,0,0,0,0,0,0,0,1
 Hey pls reply,0,1,0,0,0,0,0,0
 Silly.i have a problem.,0,0,0,0,0,0,0,1
 Is it ok u buy a cndom?i just fill up my gas and no mney lft.just tel them its 4 ur science project.please,0,0,0,0,0,0,0,1
 Yup.ur buying the cndoms?how many?,0,0,0,0,0,0,0,1
 Just 3,0,0,0,0,0,0,0,1
 Im there at 6pm.is it ok if i leave lyk 8 or 9?,1,0,0,0,0,0,0,0
 Miz u,0,0,0,0,0,0,0,1
 Mit me later crner  and  ok?i dnt want to get lost,0,0,0,0,0,0,0,1
 Siluer car.mazda,0,0,0,0,0,0,0,1
 Pls w8 outside,0,0,0,0,0,0,0,1
 U back?,0,1,0,0,0,0,0,0
 hey cutie. ;) remember me?,0,0,1,0,0,0,0,0
 hi. so am i still coming over on what? sat?,0,0,0,0,0,0,0,1
 yes no?,0,1,0,0,0,0,0,0
 hello?,0,0,0,0,0,0,1,0
 None,0,0,0,0,0,0,1,0
 :-x,0,0,0,0,0,0,0,1
 sexy,0,0,1,0,0,0,0,0
 how are u,0,0,0,0,0,0,0,1
 sorry about that had to get a shower to clean off,0,0,0,0,0,0,0,1
 nice and clean,0,0,0,0,0,0,0,1
 u sure your not a model already,1,0,0,0,0,0,0,0
 k,0,0,0,0,0,0,0,1
 lol,0,0,0,0,0,0,0,1
 u busy,1,0,0,0,0,0,0,0
 i c so sorda kinda your some what busy lol,0,0,0,0,0,0,0,1
 sounds like fun,0,0,0,0,0,0,0,1
 so any plans for today,1,0,0,0,0,0,0,0
 jsut checking emails,0,0,0,0,0,0,0,1
 and admirding your new photo,0,0,0,0,0,0,0,1
 your very welcome,1,0,1,0,0,0,0,0
 not at all,1,0,0,0,0,0,0,0
 done with my yard work so nothing that i know of,1,0,0,0,0,0,0,0
 ya,0,0,0,0,0,0,0,1
 going to warn up latter today,0,0,0,0,0,0,0,1
 just with u,1,0,0,0,0,0,0,0
 dont u know u have proiority,1,0,1,0,0,0,0,0
 very,0,0,0,0,0,0,0,1
 so are u felling better today,1,0,1,0,0,0,0,0
 so tell me,0,0,0,0,0,0,0,1
 and,0,0,0,0,0,0,0,1
 i c,0,0,0,0,0,0,0,1
 so one local,0,0,0,0,0,0,0,1
 some one local,0,0,0,0,0,0,0,1
 ok sexy u win,0,0,0,0,0,0,0,1
 ;;),0,0,0,0,0,0,0,1
 hang on going to make me some toast to eat,0,0,1,0,0,0,0,0
 i r back,0,0,1,0,0,0,0,0
 still reading,0,0,0,0,0,0,0,1
 hey,0,0,0,0,0,0,0,1
 did u get my messages,0,0,0,0,0,0,0,1
 thats good so ur parents are leaving for sure,0,0,0,0,0,0,0,1
 and are u sure that no one is gonna be dropping by or checking up on u right,0,0,0,0,0,0,0,1
 yeah like 3 fat blunts,0,0,0,0,0,0,0,1
 so 12 condoms,0,0,0,0,0,0,0,1
 i mean and,1,0,0,0,0,0,0,0
 damn u wanted 12 blunts and 3 condoms,0,0,0,0,0,0,0,1
 so which blackberry u getting,0,0,0,0,0,0,0,1
 is he forwarding his calls,0,0,0,0,0,0,0,1
 so what happens if he tries to call u,0,0,0,0,0,0,0,1
 yeah but i dont know if its wise calling my phone,1,0,0,0,0,0,0,0
 u wanna just talk when i get over there and not on the phone,0,1,0,0,0,0,0,0
 i wont change my mind and im sure my car wont break doen,0,0,0,0,0,0,0,1
 as long as its really u when i get there and not some guy with the cops,1,0,1,0,0,0,0,0
 i wouldnt miss it,0,0,0,0,0,0,0,1
 i mean what more could i ask for this weekend weed and sex for 2 days,0,0,1,0,0,0,0,0
 thats great,0,0,0,0,0,0,0,1
 then it was nice knowing u,0,0,0,0,0,0,0,1
 itll be fine ill be there,1,0,0,0,0,0,0,0
 just give me ur address exactly,1,0,0,0,0,0,0,0
 ill be there at 4pm,0,0,0,0,0,0,0,1
 whats the ne for,1,0,0,0,0,0,0,0
 whats the zip code,1,0,0,0,0,0,0,0
 let me find it real quick,0,0,0,0,0,0,0,1
 ok i got it,0,1,0,0,0,0,0,0
 im gonna leave at 1,1,0,0,0,0,0,0,0
 ull be there at 3 right,0,0,0,0,0,0,0,1
 like 3 hrs maybe a little less,1,0,0,0,0,0,0,0
 ur parents are leaving at 12pm,1,0,0,0,0,0,0,0
 for sure,0,0,0,0,0,0,0,1
 then itll show up on their records,0,0,0,0,0,0,0,1
 ok i guess u could do that but after u call u make sure u get rid of my number dont keep it around,0,0,0,1,0,0,0,0
 u swear,0,0,0,0,0,0,0,1
 ok right it down its 630-812-8660 and make sure its from that pay fone,0,1,1,0,0,0,0,0
 yeah let me know when u get home,1,0,0,0,0,0,0,0
 yeah ill be an hour away,0,0,0,0,0,0,0,1
 yeah dont forget to make sure ur butt is clean and ready for my tounge,1,0,0,0,0,0,0,0
 me neither,0,0,0,0,0,0,0,1
 when are ur parents coming back and what time,0,0,0,0,0,0,0,1
 ill be on ur ass now,0,0,0,0,0,0,0,1
 a green honda accord,0,1,0,0,0,0,0,0
 i got plenty of lube,0,0,0,0,0,0,0,1
 ok i will see u 2marrow,1,0,0,0,0,0,0,0
 call me when u get out,0,0,0,0,0,0,0,1
 bye,0,0,0,0,0,0,0,1
 :-*,0,0,0,0,0,0,0,1
 Hey sexy.,0,0,1,0,0,0,0,0
 How are you?,0,0,0,0,0,0,0,1
 :*,0,0,0,0,0,0,0,1
 What have you been up to?,0,0,1,0,0,0,0,0
 Awe no.,0,0,0,0,0,0,0,1
 I am sorry :(,0,0,0,0,0,0,0,1
 Do you want me to come make you feel better?,0,0,1,0,0,0,0,0
 Awe well that could be.,0,0,0,0,0,0,0,1
 Yeah I would like to come see you ;),1,0,0,0,0,0,0,0
 Well of course I want to.,0,0,0,0,0,0,0,1
 What would you want to do?,1,0,0,0,0,0,0,0
 =P~,0,0,0,0,0,0,0,1
 I can think of a lot of things ;),0,0,1,0,0,0,0,0
" Maybe :"">",0,0,0,0,0,0,0,1
 Well I would like to lick your nipples and your pussy.,0,1,0,0,0,0,0,0
 =P~,0,0,0,0,0,0,0,1
 You will probably moan instead :*,0,0,0,0,0,0,0,1
 But if you giggle I will make you feel comfortable.,1,0,1,0,0,0,0,0
 :D,0,0,0,0,0,0,0,1
 When will you be home alone?,1,0,0,0,0,0,0,0
 That is fine.,0,0,0,0,0,0,0,1
 Just let me know :),0,0,0,0,0,0,0,1
 hi,0,0,0,0,0,0,0,1
 took the cast off,0,0,0,0,0,0,0,1
 hey you,0,0,0,0,0,0,0,1
 how r u sweetie,0,0,0,0,0,0,0,1
 working,0,0,0,0,0,0,0,1
 went out of town,0,0,0,0,0,0,0,1
 south carolina,0,0,0,0,0,0,0,1
 what you been doing,0,0,0,0,0,0,0,1
 cool,0,0,0,0,0,0,0,1
 what u doing tonight,1,0,0,0,0,0,0,0
 why not,1,1,0,0,0,0,0,0
 chillin,0,0,0,0,0,0,0,1
 no im home,0,0,0,0,0,0,0,1
 im tired,1,0,0,0,0,0,0,0
 its been a long weekend,0,0,0,0,0,0,0,1
 need a massage,1,0,0,0,0,0,0,0
 and bath,0,0,0,0,0,0,0,1
 looked at boats,0,0,0,0,0,0,0,1
 went to a bunch of corporate parties,1,0,0,0,0,0,0,0
 ass kissing parties,1,0,0,0,0,0,0,0
 lol,0,0,0,0,0,0,0,1
 all work,0,0,0,0,0,0,0,1
 well yeah its like networking with people in the industry,1,0,0,0,0,0,0,0
 it was a meeting for the brand of boats i sell at the factory where they are built,1,0,0,0,0,0,0,0
 no,1,0,0,0,0,0,0,0
 lots of good food and stuff though,0,0,0,0,0,0,0,1
 no hotties like you either,1,0,0,0,0,0,0,0
 lol,0,0,0,0,0,0,0,1
 yeah,0,0,1,0,0,0,0,0
 id rather slam my dick in a door,0,0,0,0,0,0,0,1
 lol,0,0,0,0,0,0,0,1
 :-O,0,0,0,0,0,0,0,1
 nothing,0,0,0,0,0,0,0,1
 I would have rather stayed home,0,0,1,0,0,0,0,0
 lol,0,0,0,0,0,0,0,1
 k,0,0,1,0,0,0,0,0
